{"cameraMode":{"drawMode":0,"name":"Shaded","section":"Shading Mode"},"sceneLighting":false,"audioPlay":false,"sceneViewState":{"m_AlwaysRefresh":false,"showFog":true,"showSkybox":false,"showFlares":true,"showImageEffects":true,"showParticleSystems":true,"showVisualEffectGraphs":true,"m_FxEnabled":true},"in2DMode":false,"pivot":{"x":1.1407690048217774,"y":0.045969247817993167,"z":-0.04283720254898071},"rotation":{"x":-0.08531288057565689,"y":-0.6631989479064941,"z":0.07578752189874649,"w":-0.7398586869239807},"size":1.7347562313079835,"orthographic":false}